{"stats":{"minecraft:killed":{"minecraft:pig":10,"minecraft:bat":1,"minecraft:creeper":1,"minecraft:chicken":2,"minecraft:villager":7},"minecraft:crafted":{"minecraft:diamond_sword":1,"minecraft:netherite_sword":1,"minecraft:knowledge_book":12},"minecraft:used":{"minecraft:oak_trapdoor":3,"minecraft:water_bucket":205,"minecraft:netherite_sword":53,"minecraft:jungle_leaves":1,"minecraft:writable_book":4,"minecraft:end_stone_bricks":3,"minecraft:orange_concrete":316,"minecraft:flint_and_steel":8,"minecraft:red_concrete":661,"minecraft:elder_guardian_spawn_egg":3,"minecraft:red_stained_glass":40,"minecraft:carrot_on_a_stick":526,"minecraft:ladder":20,"minecraft:oak_sign":22,"minecraft:chest":40,"minecraft:ender_chest":3,"minecraft:fox_spawn_egg":1,"minecraft:stone":210,"minecraft:zombie_spawn_egg":12,"minecraft:vex_spawn_egg":1,"minecraft:bell":2,"minecraft:quartz_stairs":23,"minecraft:red_glazed_terracotta":37,"minecraft:player_head":5,"minecraft:gold_ore":57,"minecraft:oak_door":10,"minecraft:netherrack":2,"minecraft:green_terracotta":1,"minecraft:polished_blackstone_bricks":3,"minecraft:oak_leaves":17,"minecraft:white_wool":68,"minecraft:torch":14,"minecraft:dirt":54,"minecraft:skeleton_spawn_egg":3,"minecraft:comparator":1,"minecraft:vine":16,"minecraft:light_blue_concrete":132,"minecraft:loom":2,"minecraft:crafting_table":5,"minecraft:red_bed":2,"minecraft:white_bed":3,"minecraft:yellow_concrete":180,"minecraft:campfire":3,"minecraft:painting":4,"minecraft:gray_concrete":150,"minecraft:end_stone":5,"minecraft:blue_concrete":25,"minecraft:obsidian":217,"minecraft:nether_gold_ore":11,"minecraft:creeper_spawn_egg":3,"minecraft:redstone_torch":4,"minecraft:oak_log":9,"minecraft:jungle_sapling":8,"minecraft:enderman_spawn_egg":4,"minecraft:netherite_block":1,"minecraft:lever":6,"minecraft:black_concrete":57,"minecraft:lava_bucket":2,"minecraft:villager_spawn_egg":31,"minecraft:command_block":74,"minecraft:red_wool":59,"minecraft:lantern":4,"minecraft:grass_block":54,"minecraft:barrier":102,"minecraft:stone_button":10,"minecraft:spawner":78,"minecraft:chicken_spawn_egg":2,"minecraft:white_glazed_terracotta":25,"minecraft:magenta_concrete":112,"minecraft:iron_door":8,"minecraft:evoker_spawn_egg":2,"minecraft:blaze_spawn_egg":14,"minecraft:item_frame":25,"minecraft:bedrock":126,"minecraft:purple_concrete":22,"minecraft:glowstone":188,"minecraft:diamond_sword":6,"minecraft:lime_concrete":162,"minecraft:end_crystal":5,"minecraft:written_book":1,"minecraft:oak_sapling":27,"minecraft:white_stained_glass":21,"minecraft:drowned_spawn_egg":23,"minecraft:bucket":1,"minecraft:trapped_chest":1,"minecraft:gold_block":25,"minecraft:repeating_command_block":3,"minecraft:end_portal_frame":7,"minecraft:stone_pressure_plate":49,"minecraft:white_concrete":1455,"minecraft:bone_meal":105,"minecraft:dark_oak_sapling":25,"minecraft:spider_spawn_egg":1},"minecraft:dropped":{"minecraft:oak_door":1,"minecraft:netherite_sword":8,"minecraft:end_stone":1,"minecraft:bedrock":1,"minecraft:skeleton_spawn_egg":1,"minecraft:carrot_on_a_stick":214,"minecraft:dirt":1,"minecraft:gray_concrete":1,"minecraft:glowstone":1,"minecraft:white_concrete":1,"minecraft:stone_pressure_plate":1},"minecraft:picked_up":{"minecraft:feather":4,"minecraft:chicken":1,"minecraft:carrot_on_a_stick":214,"minecraft:gray_concrete":1,"minecraft:dirt":1,"minecraft:item_frame":3,"minecraft:netherite_sword":4,"minecraft:cooked_chicken":1,"minecraft:player_head":7,"minecraft:yellow_concrete":1,"minecraft:porkchop":21,"minecraft:villager_spawn_egg":31,"minecraft:drowned_spawn_egg":1,"minecraft:stone_pressure_plate":4,"minecraft:skeleton_spawn_egg":1,"minecraft:command_block":1,"minecraft:diamond":68,"minecraft:white_concrete":1,"minecraft:red_concrete":1},"minecraft:custom":{"minecraft:mob_kills":21,"minecraft:inspect_hopper":38,"minecraft:traded_with_villager":1,"minecraft:interact_with_crafting_table":16,"minecraft:play_one_minute":391059,"minecraft:leave_game":29,"minecraft:time_since_death":62671,"minecraft:climb_one_cm":13462,"minecraft:time_since_rest":62699,"minecraft:sprint_one_cm":158799,"minecraft:open_enderchest":5,"minecraft:walk_one_cm":414784,"minecraft:trigger_trapped_chest":2,"minecraft:drop":231,"minecraft:damage_dealt":5380,"minecraft:talked_to_villager":58,"minecraft:swim_one_cm":1221,"minecraft:fly_one_cm":1701714,"minecraft:open_chest":66,"minecraft:crouch_one_cm":17733,"minecraft:deaths":8,"minecraft:sneak_time":13217,"minecraft:walk_under_water_one_cm":63978,"minecraft:jump":851,"minecraft:walk_on_water_one_cm":1444}},"DataVersion":2586}